Country,ISO3 code,Year,Domestic general government health expenditure (percent of GDP),Domestic general government health expenditure per capita (constant 2022 US$),Population,Domestic general government health expenditure per capita (constant 2015 US$),Income level,Region
Afghanistan,AFG,2022,0.18147056,0.6339129400275612,40578842.00000001,0.77384,Low income,Asia
Angola,AGO,2022,1.51054609,52.248867370613134,35635028.99999999,48.025037,Lower middle income,Africa
Albania,ALB,2022,2.7990038399999997,187.2501971013444,2827607.9999999995,142.729352,Upper middle income,Europe
Andorra,AND,2022,5.536981580000001,2345.2684525920604,79705.0,2201.519512,High income,Europe
United Arab Emirates,ARE,2022,2.7693340799999997,1371.0382172515851,10242086.500000002,1172.898717,High income,Asia
Argentina,ARG,2022,5.7569623,800.1711850796935,45407904.0,817.669051,Upper middle income,Americas
Armenia,ARM,2022,1.7153586100000002,116.19006284806338,2880874.5000000005,84.793202,Upper middle income,Asia
Antigua and Barbuda,ATG,2022,3.2893459799999993,622.785369452822,92840.0,540.594849,High income,Americas
Australia,AUS,2022,7.35998535,4990.49379655574,26200984.500000004,4239.701034,High income,Oceania
Austria,AUT,2022,8.643328669999999,4533.396610772393,8978929.0,4104.161428,High income,Europe
Azerbaijan,AZE,2022,1.20668018,92.26661587537728,10295304.0,66.369462,Upper middle income,Asia
Burundi,BDI,2022,1.58699203,4.666743442795189,13321097.5,4.02271,Low income,Africa
Belgium,BEL,2022,8.091326709999999,4063.4534036043574,11617623.000000002,3566.057328,High income,Europe
Benin,BEN,2022,0.5155008999999999,6.517723778302031,13759500.5,6.281856,Lower middle income,Africa
Burkina Faso,BFA,2022,2.72350121,22.826653839456903,22509038.500000004,19.437058,Low income,Africa
Bangladesh,BGD,2022,0.1549107999999999,3.959138569838937,169384897.50000003,3.347156,Lower middle income,Asia
Bulgaria,BGR,2022,4.7934579799999995,632.4254273987283,6838937.0,433.660026,High income,Europe
Bahrain,BHR,2022,2.4909150600000003,720.9467309776772,1533459.0,597.03976,High income,Asia
Bahamas,BHS,2022,4.06823969,1319.8240073351387,397538.5,1214.20442,High income,Americas
Bosnia and Herzegovina,BIH,2022,5.734533789999999,439.0132711744711,3204802.0,362.823099,Upper middle income,Europe
Belarus,BLR,2022,4.49853516,357.3717013921773,9173237.0,276.828219,Upper middle income,Europe
Belize,BLZ,2022,2.6371080900000003,185.3420045042249,402733.00000000006,164.389167,Upper middle income,Americas
Bolivia (Plurinational State of),BOL,2022,5.887031079999999,214.4513046724743,12077153.999999998,188.094099,Lower middle income,Americas
Brazil,BRA,2022,4.104905130000001,380.9898924241033,210306414.5,370.313185,Upper middle income,Americas
Barbados,BRB,2022,2.8346071199999994,586.4140209798879,282318.0,501.620078,High income,Americas
Brunei Darussalam,BRN,2022,1.67847669,614.8728655520116,455369.49999999994,479.241988,High income,Asia
Bhutan,BTN,2022,2.14716125,75.6393589183701,780914.5,72.362966,Lower middle income,Asia
Botswana,BWA,2022,4.30165005,358.8215855667712,2439891.5,308.449559,Upper middle income,Africa
Central African Republic,CAF,2022,1.59287274,7.666708254568125,5098039.500000001,6.350317,Low income,Africa
Canada,CAN,2022,8.0003376,4454.413468549368,38821259.0,3616.749475,High income,Americas
Switzerland,CHE,2022,4.09193945,3832.1932542127543,8739000.0,3678.604161,High income,Europe
Chile,CHL,2022,5.07403803,780.2840409227762,19553036.5,723.621377,High income,Americas
China,CHN,2022,2.9464595300000007,369.0020361127947,1425179569.0000002,337.391086,Upper middle income,Asia
Côte d'Ivoire,CIV,2022,1.3386573800000003,31.66258167889074,30395002.0,30.220463,Lower middle income,Africa
Cameroon,CMR,2022,0.6712339499999999,10.788250180381608,27632771.499999996,9.800915,Lower middle income,Africa
Democratic Republic of the Congo,COD,2022,0.6958921599999999,4.482164717160605,102396968.0,3.657984,Low income,Africa
Congo,COG,2022,0.8055375799999999,18.594990831531547,6035104.0,13.555193,Lower middle income,Africa
Colombia,COL,2022,5.33477688,356.07479703908604,51737943.49999999,365.470723,Upper middle income,Americas
Comoros,COM,2022,0.8658953300000001,12.70222899799925,834188.0000000001,11.860133,Lower middle income,Africa
Cabo Verde,CPV,2022,4.28369522,183.53793051179167,519741.0,168.899746,Upper middle income,Africa
Costa Rica,CRI,2022,4.953631879999999,674.9770654382462,5081764.5,677.965402,High income,Americas
Cyprus,CYP,2022,7.10785913,2294.9980021509973,904705.0,2168.047157,High income,Asia
Czechia,CZE,2022,7.459114070000001,2060.8754584094286,10516706.999999998,1503.077967,High income,Europe
Germany,DEU,2022,10.12543774,4966.147282516709,83237124.0,4415.856011,High income,Europe
Djibouti,DJI,2022,1.03265727,33.83653717006785,1137096.0,31.9581,Lower middle income,Africa
Dominica,DMA,2022,4.506669520000001,409.62558377401297,66826.5,360.129696,Upper middle income,Americas
Denmark,DNK,2022,7.955379009999999,5420.149948716314,5873420.0,4795.86508,High income,Europe
Dominican Republic,DOM,2022,2.67142582,270.06846268657677,11230733.5,232.78917,Upper middle income,Americas
Algeria,DZA,2022,1.71722472,85.1714785662633,45477389.50000001,78.089662,Upper middle income,Africa
Ecuador,ECU,2022,4.598728660000001,300.8025685965308,17823897.0,281.96393,Upper middle income,Americas
Egypt,EGY,2022,1.7829283500000002,64.7998750688263,112618249.5,76.407115,Lower middle income,Africa
Spain,ESP,2022,7.20880365,2154.7583433571244,47432893.0,2004.223052,High income,Europe
Estonia,EST,2022,5.224678519999999,1494.706764263542,1331796.0,1107.590739,High income,Europe
Ethiopia,ETH,2022,0.7207686299999999,6.8390749535771675,125384286.5,6.076437,Not classified,Africa
Finland,FIN,2022,7.894019129999999,4006.325897233866,5569299.000000001,3655.289127,High income,Europe
Fiji,FJI,2022,2.7877862500000004,150.99885146924956,919422.0,149.805273,Upper middle income,Oceania
France,FRA,2022,8.9622221,3669.6814462224,67871925.0,3471.419023,High income,Europe
Micronesia (Federated States of),FSM,2022,1.12128794,43.005864324992096,112113.5,33.989694,Lower middle income,Oceania
Gabon,GAB,2022,1.83213091,158.5175355644435,2430747.0000000005,123.061826,Upper middle income,Africa
United Kingdom of Great Britain and Northern Ireland,GBR,2022,9.179559709999998,4182.902901058497,67791000.0,4330.927731,High income,Europe
Georgia,GEO,2022,3.06025243,201.4847239568547,3794783.5,171.73181,Upper middle income,Asia
Ghana,GHA,2022,2.0508227299999997,45.63646942867599,33149152.0,42.116083,Lower middle income,Africa
Guinea,GIN,2022,0.7289885900000002,10.13570796764152,14055136.999999998,7.19533,Lower middle income,Africa
Gambia,GMB,2022,1.52435625,12.902344171069624,2636470.0000000005,10.78065,Low income,Africa
Guinea-Bissau,GNB,2022,1.09963667,8.95243113718891,2105529.0,8.10805,Low income,Africa
Equatorial Guinea,GNQ,2022,0.7646970200000001,49.893314823412325,1803545.0,36.321601,Upper middle income,Africa
Greece,GRC,2022,4.5971598600000005,956.287512256518,10459782.0,939.223488,High income,Europe
Grenada,GRD,2022,1.99874532,210.5341500533318,116913.0,188.003488,Upper middle income,Americas
Guatemala,GTM,2022,2.42621732,129.14630781198028,17847877.0,105.692728,Upper middle income,Americas
Guyana,GUY,2022,2.15520215,381.1127085624575,821637.0,369.467799,High income,Americas
Honduras,HND,2022,3.3738544000000004,102.26707593436716,10463872.0,83.936547,Lower middle income,Americas
Croatia,HRV,2022,6.09427309,1135.3218390323393,3862305.000000001,7702.825139,High income,Europe
Haiti,HTI,2022,0.34204665,5.57547768541161,11503606.000000002,4.293195,Lower middle income,Americas
Hungary,HUN,2022,4.839203360000001,885.7168051965215,9689010.0,790.974328,High income,Europe
Indonesia,IDN,2022,1.3944067999999998,65.96583938346134,278830528.5,56.122594,Upper middle income,Asia
India,IND,2022,1.2928915,31.09739632439924,1425423212.5,27.187261,Lower middle income,Asia
Ireland,IRL,2022,4.73404694,4987.9589164248055,5060004.0,4682.316391,High income,Europe
Iran (Islamic Republic of),IRN,2022,2.62993145,116.93351873982802,89524246.50000001,143.295629,Upper middle income,Asia
Iraq,IRQ,2022,2.1849322300000003,129.58183843106522,44070550.99999999,94.814921,Upper middle income,Asia
Iceland,ISL,2022,7.86343193,5802.03289499978,380355.5,4464.532127,High income,Europe
Israel,ISR,2022,4.87933254,2807.239188460131,9103151.0,2172.026178,High income,Asia
Italy,ITA,2022,6.720133779999999,2333.4699983548594,59030132.99999999,2218.383148,High income,Europe
Jamaica,JAM,2022,5.927616120000001,356.9701281583724,2839144.0,307.820833,Upper middle income,Americas
Jordan,JOR,2022,2.49221253,107.72217647384484,11256263.5,97.370492,Lower middle income,Asia
Japan,JPN,2022,9.824341769999998,3345.3788545568627,124997578.0,3558.747119,High income,Asia
Kazakhstan,KAZ,2022,2.30152369,259.04431008969846,20034609.0,252.772666,Upper middle income,Asia
Kenya,KEN,2022,2.02182531,42.268144619714846,54252460.5,35.139021,Lower middle income,Africa
Kyrgyzstan,KGZ,2022,2.6434192700000003,46.11660696738795,6955788.0,32.039132,Lower middle income,Asia
Cambodia,KHM,2022,1.17248797,27.26070366539453,17201723.5,23.617627,Lower middle income,Asia
Kiribati,KIR,2022,8.488914489999999,176.01387232453405,130468.5,166.05011,Lower middle income,Oceania
Saint Kitts and Nevis,KNA,2022,2.93025994,610.6080267595654,46709.5,610.080417,High income,Americas
Republic of Korea,KOR,2022,5.920369629999999,1913.812990954675,51782511.50000001,1968.040157,High income,Asia
Kuwait,KWT,2022,3.7239341700000006,1483.3068603701106,4589510.499999999,981.294216,High income,Asia
Lao People's Democratic Republic,LAO,2022,0.6265041799999999,12.83513237040071,7559007.5,15.794211,Lower middle income,Asia
Lebanon,LBN,2022,1.96468723,134.4219815976351,5744488.499999999,103.386108,Lower middle income,Asia
Liberia,LBR,2022,1.29002357,9.540802568643148,5373294.0,1205.957208,Low income,Africa
Libya,LBY,2022,3.1484828,188.48824441652403,7223804.5,220.653165,Upper middle income,Africa
Saint Lucia,LCA,2022,2.133026839999999,274.0141187014031,178781.0,235.597034,Upper middle income,Americas
Sri Lanka,LKA,2022,1.75683677,58.615515596813154,22834965.0,69.069157,Lower middle income,Asia
Lesotho,LSO,2022,6.40886402,67.73039667046442,2286110.5,58.886913,Lower middle income,Africa
Lithuania,LTU,2022,4.73151922,1195.1770959334249,2805998.0,900.8262,High income,Europe
Luxembourg,LUX,2022,4.83443642,6115.492381383066,645396.9999999999,5312.862211,High income,Europe
Latvia,LVA,2022,4.933448790000001,1063.1572238225122,1875757.0,862.349827,High income,Europe
Morocco,MAR,2022,2.3239212,81.49961957875477,37329064.0,78.437483,Lower middle income,Africa
Republic of Moldova,MDA,2022,4.515145299999999,258.10294973788166,2541000.0,161.877585,Upper middle income,Europe
Madagascar,MDG,2022,0.9365723699999998,4.7031432308498,30437260.499999996,4.095997,Low income,Africa
Maldives,MDV,2022,7.543621540000001,899.2593503401789,524106.5000000001,837.456903,Upper middle income,Asia
Mexico,MEX,2022,2.9689946199999997,337.8038608284806,128613117.5,296.661611,Upper middle income,Americas
Marshall Islands,MHL,2022,4.4169340099999985,285.4469768196222,40077.0,249.076785,Upper middle income,Oceania
North Macedonia,MKD,2022,4.33453941,319.494504376163,1840233.0,262.712241,Upper middle income,Europe
Mali,MLI,2022,1.4302290699999998,11.582075283738048,23072640.0,10.143202,Low income,Africa
Malta,MLT,2022,6.381880279999999,2246.695584488414,520971.0,1986.402257,High income,Europe
Myanmar,MMR,2022,0.57522529,6.406650201668411,53756787.5,5.657951,Lower middle income,Asia
Montenegro,MNE,2022,6.8782925599999984,697.1636276714781,614647.5,544.871222,Upper middle income,Europe
Mongolia,MNG,2022,3.11989594,157.9886835906468,3386015.0000000005,133.070205,Upper middle income,Asia
Mozambique,MOZ,2022,2.7056972999999997,15.25078417800598,32656246.000000004,15.720407,Low income,Africa
Mauritania,MRT,2022,1.75979567,35.485331070379566,4875637.5,28.479337,Lower middle income,Africa
Mauritius,MUS,2022,2.7463455200000007,278.66840068875194,1276129.5,287.633213,Upper middle income,Africa
Malawi,MWI,2022,0.8776150900000002,5.354596464812911,20568728.0,4.796299,Low income,Africa
Malaysia,MYS,2022,1.97598696,231.81124003734345,34695493.0,220.487033,Upper middle income,Asia
Namibia,NAM,2022,4.2423048,185.08900105236887,2889662.5,167.868783,Lower middle income,Africa
Niger,NER,2022,1.53595936,9.35381613708508,25311973.0,8.695148,Low income,Africa
Nigeria,NGA,2022,0.6193938900000001,13.186070645191435,223150895.5,14.897801,Lower middle income,Africa
Nicaragua,NIC,2022,5.159249310000002,120.12721059167714,6730653.5,112.520349,Lower middle income,Americas
Netherlands (Kingdom of the),NLD,2022,6.922546389999999,3972.33700159248,17590672.0,3478.969591,High income,Europe
Norway,NOR,2022,6.809732440000002,7447.643295863394,5425269.999999999,5426.761399,High income,Europe
Nepal,NPL,2022,2.10599875,27.92839952106937,29715435.999999996,23.249628,Lower middle income,Asia
Nauru,NRU,2022,15.790369990000002,1967.6378697607304,11800.999999999998,1209.233131,High income,Oceania
New Zealand,NZL,2022,8.146823880000001,3902.887508859543,5131734.500000001,3461.543401,High income,Oceania
Oman,OMN,2022,2.4607405699999996,596.5101685205991,4730226.0,482.698403,High income,Asia
Pakistan,PAK,2022,1.10801363,14.789342030404368,243700667.0,18.064366,Lower middle income,Asia
Panama,PAN,2022,4.757729529999999,827.2994792437604,4400772.999999999,760.136585,High income,Americas
Peru,PER,2022,3.91110182,286.1922358412438,33475438.000000004,265.783644,Upper middle income,Americas
Philippines,PHL,2022,2.32400513,82.44323226419026,113964338.5,83.13122,Lower middle income,Asia
Palau,PLW,2022,5.796433929999999,802.9296542598121,17759.0,739.388186,High income,Oceania
Papua New Guinea,PNG,2022,1.53210604,47.46472809082809,10203169.5,37.748826,Lower middle income,Oceania
Poland,POL,2022,4.684138299999999,873.758208377571,36889761.0,799.784481,High income,Europe
Portugal,PRT,2022,6.530534270000001,1609.8950692368355,10352042.0,1441.483294,High income,Europe
Paraguay,PRY,2022,4.08453465,253.4709369216156,6760464.0,253.981886,Upper middle income,Americas
"occupied Palestinian territory, including east Jerusalem",PSE,2022,3.9269774,141.4668810446971,5305269.999999999,34.350431,Lower middle income,Asia
Qatar,QAT,2022,1.7926851499999998,1464.2808589412457,2892455.0,1061.717701,High income,Asia
Romania,ROU,2022,4.464989189999999,700.7488781815316,19042454.999999996,545.711148,High income,Europe
Russian Federation,RUS,2022,4.88805008,761.6431466245222,145579899.0,490.968195,High income,Europe
Rwanda,RWA,2022,2.8098130200000004,27.401369851980512,13651029.999999998,26.649632,Low income,Africa
Saudi Arabia,SAU,2022,3.618283270000001,1246.646027011329,32175351.5,879.42253,High income,Asia
Sudan,SDN,2022,1.18913412,8.129831533202088,49383000.0,14.890172,Low income,Africa
Senegal,SEN,2022,0.8960161199999999,14.05325665697002,17651103.0,12.858263,Lower middle income,Africa
Singapore,SGP,2022,2.77292442,2446.4779167991614,5649884.499999999,1848.255108,High income,Asia
Solomon Islands,SLB,2022,3.32158995,66.61424040047508,781066.0,64.206493,Lower middle income,Oceania
Sierra Leone,SLE,2022,1.51291788,7.484455573168877,8276806.500000001,9.276056,Low income,Africa
El Salvador,SLV,2022,6.12128019,311.7893164248503,6280319.0,266.260197,Upper middle income,Americas
San Marino,SMR,2022,6.5595202399999994,3431.855471345302,34089.99999999999,3254.579269,High income,Europe
Somalia,SOM,2022,0.17265649,1.0106117954732574,17801897.0,0.789363,Low income,Africa
Serbia,SRB,2022,5.95365191,556.7581501901074,6797105.000000001,436.460571,Upper middle income,Europe
South Sudan,SSD,2022,0.58035421,4.241350793338281,11021177.5,6.074815,Low income,Africa
Sao Tome and Principe,STP,2022,4.124695780000001,99.65190803993134,226305.0,58.526346,Lower middle income,Africa
Suriname,SUR,2022,3.8760845700000006,225.2266517252601,623164.0,274.461447,Upper middle income,Americas
Slovakia,SVK,2022,6.175155640000001,1311.9257831563225,5434712.0,1165.564497,High income,Europe
Slovenia,SVN,2022,7.05512381,2011.005818315589,2107180.0,1791.694555,High income,Europe
Sweden,SWE,2022,9.02388191,5108.522757375941,10452326.0,5069.879248,High income,Europe
Eswatini,SWZ,2022,3.243932719999999,127.501308349739,1218916.4999999998,128.265105,Lower middle income,Africa
Seychelles,SYC,2022,3.1301093099999995,513.188853033427,125522.5,483.582759,High income,Africa
Chad,TCD,2022,1.00766718,8.944444529994113,18455315.5,7.983818,Low income,Africa
Togo,TGO,2022,0.66535133,5.9483952025898805,9089738.5,5.826538,Low income,Africa
Thailand,THA,2022,3.89329267,269.00199373509395,71735329.0,244.540231,Upper middle income,Asia
Tajikistan,TJK,2022,1.78677893,18.411499107273965,10182222.0,22.499021,Lower middle income,Asia
Turkmenistan,TKM,2022,0.7987930799999999,86.1331942271211,7230193.000000001,50.831292,Upper middle income,Asia
Timor-Leste,TLS,2022,10.30766392,125.86336248822846,1369295.4999999998,119.230566,Lower middle income,Asia
Tonga,TON,2022,3.97319055,184.74257780959027,105042.0,176.547478,Upper middle income,Oceania
Trinidad and Tobago,TTO,2022,2.86555815,575.6984184320742,1495921.5,433.594269,High income,Americas
Tunisia,TUN,2022,3.9432156100000006,150.53877594864457,12119333.5,162.955436,Lower middle income,Africa
Türkiye,TUR,2022,2.78341818,290.02229827831854,87058472.5,383.082071,Upper middle income,Asia
Tuvalu,TUV,2022,13.32408428,786.2120421331144,9992.0,554.56138,Upper middle income,Oceania
United Republic of Tanzania,TZA,2022,0.98245382,11.254101349033236,64711821.0,10.772191,Lower middle income,Africa
Uganda,UGA,2022,0.977534,9.82790250606444,47312719.5,8.429178,Low income,Africa
Uruguay,URY,2022,6.32145834,1307.9240553531026,3390912.9999999995,1155.86503,High income,Americas
United States of America,USA,2022,9.10163784,6860.618615122107,341534045.49999994,5656.787161,High income,Americas
Uzbekistan,UZB,2022,2.5039238899999994,57.61652843215192,34938955.5,79.416723,Lower middle income,Asia
Saint Vincent and the Grenadines,VCT,2022,3.23636723,300.2333261470317,102046.0,272.975368,Upper middle income,Americas
Viet Nam,VNM,2022,2.00186634,82.40453979874803,99680655.0,71.134154,Lower middle income,Asia
Vanuatu,VUT,2022,1.67315841,54.635167481237154,313046.50000000006,45.260074,Lower middle income,Oceania
Samoa,WSM,2022,5.0203704799999995,188.20915784387077,215260.5,186.224549,Upper middle income,Oceania
Yemen,YEM,2022,0.30541709,1.881656715022059,38222875.5,2.759514,Low income,Asia
South Africa,ZAF,2022,5.405023570000001,351.1628850841212,62378409.99999999,311.309689,Upper middle income,Africa
Zambia,ZMB,2022,2.50694346,36.27853454075703,20152938.000000004,32.55204,Lower middle income,Africa
Zimbabwe,ZWE,2022,1.17876518,22.953895685406035,16069055.499999998,102.188343,Lower middle income,Africa
